{
  "selections": {
    "mode": "SIMPLE"
  },
  "placements": {
    "placements": [
      {
        "schematic": "D:\\minecraft\\curseforge\\minecraft\\Instances\\1.20 fabric\\schematics\\trade farm.litematic",
        "name": "trade farm",
        "origin": [
          2,
          83,
          -55
        ],
        "rotation": "NONE",
        "mirror": "NONE",
        "ignore_entities": false,
        "enabled": true,
        "enable_render": true,
        "render_enclosing_box": false,
        "locked": false,
        "locked_coords": 0,
        "bb_color": 16757504,
        "verifier_type": "all",
        "placements": [
          {
            "name": "trade farm",
            "placement": {
              "pos": [
                0,
                8,
                3
              ],
              "name": "trade farm",
              "rotation": "NONE",
              "mirror": "NONE",
              "locked_coords": 0,
              "enabled": true,
              "rendering_enabled": true,
              "ignore_entities": false
            }
          }
        ]
      },
      {
        "schematic": "D:\\minecraft\\curseforge\\minecraft\\Instances\\1.20 fabric\\schematics\\trade farm.litematic",
        "name": "trade farm",
        "origin": [
          2,
          83,
          -55
        ],
        "rotation": "NONE",
        "mirror": "NONE",
        "ignore_entities": false,
        "enabled": true,
        "enable_render": true,
        "render_enclosing_box": false,
        "locked": false,
        "locked_coords": 0,
        "bb_color": 8404597,
        "verifier_type": "all",
        "placements": [
          {
            "name": "trade farm",
            "placement": {
              "pos": [
                0,
                8,
                3
              ],
              "name": "trade farm",
              "rotation": "NONE",
              "mirror": "NONE",
              "locked_coords": 0,
              "enabled": true,
              "rendering_enabled": true,
              "ignore_entities": false
            }
          }
        ]
      }
    ],
    "selected": 1,
    "origin_selected": true
  },
  "schematic_projects_manager": {},
  "operation_mode": "AREA_SELECTION",
  "render_range": {
    "mode": "ALL",
    "axis": "y",
    "layer_single": 0,
    "layer_above": 0,
    "layer_below": 0,
    "layer_range_min": 0,
    "layer_range_max": 0,
    "hotkey_range_min": false,
    "hotkey_range_max": false
  },
  "area_simple": {
    "name": "trade farm",
    "current": "trade farm",
    "boxes": [
      {
        "pos1": [
          -7,
          78,
          -42
        ],
        "pos2": [
          1,
          73,
          -45
        ],
        "name": "trade farm"
      }
    ]
  },
  "tool_mode_data": {
    "delete": {
      "use_placement": false
    }
  }
}