{
  "selections": {
    "mode": "SIMPLE"
  },
  "placements": {},
  "schematic_projects_manager": {},
  "operation_mode": "SCHEMATIC_PLACEMENT",
  "render_range": {
    "mode": "ALL",
    "axis": "y",
    "layer_single": 0,
    "layer_above": 0,
    "layer_below": 0,
    "layer_range_min": 0,
    "layer_range_max": 0,
    "hotkey_range_min": false,
    "hotkey_range_max": false
  },
  "area_simple": {
    "name": "Unnamed",
    "current": "Unnamed",
    "boxes": [
      {
        "pos1": [
          -356,
          -6,
          701
        ],
        "pos2": [
          -356,
          -6,
          701
        ],
        "name": "Unnamed"
      }
    ],
    "origin": [
      -356,
      -6,
      701
    ]
  },
  "tool_mode_data": {
    "delete": {
      "use_placement": false
    }
  }
}